filename,label
6d66297e.jpg,Goat
ed9f6250.jpg,Naeimi
30503f9d.jpg,Naeimi
74b88387.jpg,Goat
385082b9.jpg,Roman
bb126871.jpg,Harri
85fe3a81.jpg,Sawakni
895567eb.jpg,Najdi
acc9295b.jpg,Sawakni
b2be18b6.jpg,Sawakni
6059f28e.jpg,Sawakni
e8ff677c.jpg,Naeimi
afe59632.jpg,Najdi
ccb9c145.jpg,Goat
9bcc92c8.jpg,Najdi
3be8b97b.jpg,Goat
175fdb7a.jpg,Roman
d214d98e.jpg,Harri
508df02b.jpg,Goat
08b9981b.jpg,Barbari
33b770d0.jpg,Barbari
cf87528a.jpg,Naeimi
5e5865b3.jpg,Naeimi
ac05d489.jpg,Goat
de3bc302.jpg,Najdi
1558450b.jpg,Najdi
f3baa5d2.jpg,Goat
ac78a48d.jpg,Najdi
d72ea4f1.jpg,Barbari
0551a473.jpg,Sawakni
7bd8fdcb.jpg,Sawakni
dcd0ef6f.jpg,Sawakni
b4751008.jpg,Najdi
7502f7f0.jpg,Roman
72c3d72f.jpg,Najdi
bd342842.jpg,Naeimi
3f4cd7c8.jpg,Sawakni
bd22c104.jpg,Najdi
247fb4df.jpg,Barbari
f15e7311.jpg,Najdi
a6518778.jpg,Sawakni
a1d8a059.jpg,Najdi
3b138401.jpg,Najdi
4c9138a1.jpg,Naeimi
f3e7b1fe.jpg,Naeimi
4a63e293.jpg,Najdi
0345e3ca.jpg,Roman
2b5fa46a.jpg,Goat
11bc3308.jpg,Sawakni
50ce0b34.jpg,Sawakni
1081d46a.jpg,Naeimi
a1c8507a.jpg,Roman
277c7676.jpg,Sawakni
8e619920.jpg,Naeimi
c63d696e.jpg,Najdi
7d1844c5.jpg,Sawakni
449c69af.jpg,Harri
7dda15b0.jpg,Naeimi
a9f4d1c0.jpg,Harri
21f0f191.jpg,Harri
e47217aa.jpg,Harri
eb8268e5.jpg,Goat
16c511c0.jpg,Najdi
596f77ab.jpg,Naeimi
faadf33d.jpg,Roman
5b376777.jpg,Goat
e8c1e128.jpg,Sawakni
deecae2a.jpg,Najdi
cb41f4d3.jpg,Naeimi
b2f1cf49.jpg,Goat
ffa67e5c.jpg,Harri
93982d6d.jpg,Naeimi
b69c3ee4.jpg,Goat
163f0957.jpg,Naeimi
c2fdf153.jpg,Sawakni
cb231bd3.jpg,Naeimi
97e8d52b.jpg,Goat
b9614fa8.jpg,Roman
a4263cc6.jpg,Naeimi
4527e608.jpg,Najdi
fbf2e74c.jpg,Goat
183485e0.jpg,Goat
ce299573.jpg,Naeimi
1432d91c.jpg,Harri
47385f1a.jpg,Barbari
d5a8662e.jpg,Goat
06e1783d.jpg,Naeimi
9d7898ec.jpg,Goat
5b1a69df.jpg,Sawakni
a9ed036d.jpg,Naeimi
7049acfe.jpg,Harri
27ca08cb.jpg,Najdi
dad481e9.jpg,Barbari
2ebc35e2.jpg,Najdi
0cfc6a1e.jpg,Najdi
9f66ec17.jpg,Goat
ff19c491.jpg,Najdi
e26ccad9.jpg,Naeimi
ab9babec.jpg,Sawakni
5a59b831.jpg,Roman
11dbafc4.jpg,Naeimi
5d3b3719.jpg,Goat
3c5436f0.jpg,Naeimi
16d11d2d.jpg,Naeimi
56728cf9.jpg,Naeimi
d95f234b.jpg,Barbari
34e2f10c.jpg,Najdi
ea04b23e.jpg,Naeimi
cfb691dc.jpg,Goat
c62a73db.jpg,Naeimi
167094c8.jpg,Barbari
76ad059a.jpg,Naeimi
417f9c7d.jpg,Naeimi
c0503460.jpg,Naeimi
8bba2746.jpg,Roman
2735eb07.jpg,Goat
b4bedb08.jpg,Najdi
915322c7.jpg,Goat
f080711d.jpg,Naeimi
5550a0fd.jpg,Sawakni
24f34b9e.jpg,Sawakni
a03784d5.jpg,Naeimi
2437c1aa.jpg,Naeimi
de561566.jpg,Naeimi
b67d2ccb.jpg,Najdi
49c7de85.jpg,Sawakni
da484961.jpg,Naeimi
bed57933.jpg,Naeimi
10e27bf7.jpg,Naeimi
34ad5737.jpg,Roman
cd147b39.jpg,Harri
adb8c21c.jpg,Roman
226dc6ee.jpg,Naeimi
bd1bd591.jpg,Najdi
914de5e2.jpg,Naeimi
0306fa89.jpg,Harri
63be3b9a.jpg,Roman
80e5adf2.jpg,Naeimi
33db0590.jpg,Harri
100bd43a.jpg,Naeimi
5334f219.jpg,Goat
933339b9.jpg,Harri
8dbe2536.jpg,Roman
18a45994.jpg,Harri
